input_voltage,output_voltage,load_percent,battery_temp,battery_age_months,charge_cycles,ambient_temp,failure_within_30_days
232.48357076505616,232.7785326425949,33.398606580725584,41.48970164188047,13.925059737009608,155.96826493917172,32.96636014904191,1
229.3086784941441,235.7282499214104,28.36542722675202,22.162530079960202,3.166560387548447,952.3977336950069,21.482108451497343,0
233.23844269050346,225.80429727854258,70.91441996349093,22.13770183295776,7.373519493710791,1472.707863305327,27.509378569330007,0
237.61514928204014,231.6889077100717,76.5180581189521,20.363254257046624,20.992778310986346,325.65609218640503,36.07629090386894,0
228.82923312638331,228.04807229263452,22.526891586051363,48.695041948984404,48.352555095208956,1199.2629186181557,28.669444655112688,1
228.8293152152541,228.53862384870592,94.89697969949519,42.12525078377021,34.75086995878875,1366.453250980448,39.94364707805901,1
237.89606407753695,228.2228182272834,24.157702692117795,30.597542255061924,31.24739583142857,1418.3673095893203,31.181185698932044,0
233.83717364576455,227.40802769096055,63.30370682408564,28.896067438629657,18.315840569279178,1442.1966263878985,26.42324305271907,0
227.65262807032525,230.14556488383448,76.72484155607332,30.491096892375488,55.973469446536164,806.1164761461343,24.402226518095063,1
232.7128002179298,227.50714965076688,89.67752989968685,43.239605935435456,24.42388743299431,1467.0964665876804,27.010410685723237,1
227.68291153593768,230.81137047733952,77.12695457059422,39.84111833211243,6.138473240950518,1148.0998003449363,27.450665475191016,0
227.6713512321487,229.84928567165258,84.13824664558335,25.55586703602404,37.40692445095028,284.42358254359476,21.37427355447922,1
231.20981135783018,229.28315585940078,47.15601540342448,25.22328006002253,7.716465215119483,741.5051543785564,27.391483988535462,0
220.43359877671102,227.2773090138752,85.18600909972098,22.95186949140192,21.368165425299832,1091.5802042894059,29.2847703947845,1
221.37541083743483,228.269686008295,26.409187710774013,39.80908159104014,30.937304384350725,408.64345793767086,34.45475504477609,0
227.18856235379513,232.26617367747727,91.58533248484221,42.93117986665208,52.57912895642537,978.8920161458867,33.13458969443216,1
224.93584439832787,231.50275156287313,63.8073900922989,27.95139284975012,30.119248240067,1016.5706946175978,34.17531310458308,0
231.57123666297636,227.06733426560436,85.3838215969995,20.628348830927383,42.43326719586819,285.91462852242057,20.167273637537143,1
225.45987962239394,230.29799691628767,56.18546276146401,22.46515002429282,59.57619350094515,869.3737030564967,24.353347991610722,1
222.93848149332354,232.25416137011536,71.48621561572199,49.035801045350915,8.757858073980916,1168.859020918981,33.23368576799713,1
237.32824384460778,224.99178415663587,62.11221287488905,28.863343324322607,17.20916000565165,773.3987135771158,29.679787363594944,0
228.87111849756732,231.6300805771398,78.52716174042655,43.076694435144006,24.279988460261137,67.54951932535576,20.106269513366918,1
230.33764102343963,228.01212872316245,26.530398562447168,38.73990706562792,25.88786253379105,63.10578016497366,36.089892848636445,0
222.8762590689327,231.7117960057795,24.828166719245104,31.458189189586875,25.2502434406672,567.6925487565177,35.45619146580675,0
227.27808637737408,227.71022253037245,39.768258720811716,26.170617865866653,54.54904915083674,1392.9813992260838,30.968383259871253,1
230.55461294854933,224.58535369800643,32.76357440905507,23.641592544782192,43.12792602354453,381.5813304252327,21.329266515525443,1
224.24503211288848,225.1173726863505,89.74268532737614,38.450389041166,36.86640763135152,969.8273488639463,35.33030099065169,1
231.87849009172837,230.14425483998414,37.53711898864354,43.23901341913364,19.252990353904142,372.0100125053148,31.674271754627277,1
226.99680655040598,230.77916750516445,98.0692204655305,39.317127606233925,49.60363266905639,516.4214850063455,35.63919954315918,1
228.5415312510336,227.28705012468677,46.951663341688544,35.909063997474746,57.34857017761435,1279.6610299221518,35.03493984791681,1
226.99146693885302,231.91577737633213,34.569433255095944,21.258536702949087,49.45069867046337,1106.849091291423,36.06004143915674,1
239.26139092254468,225.01543981319313,83.17588057139832,49.05466332783151,1.0923412062969013,188.3289521041554,30.360161328092495,1
229.93251387631034,229.80176060405805,72.69662204007008,43.961425749637236,38.547680840821016,671.6179304303288,22.8064903638703,1
224.7114453552205,226.36695140071262,59.85565731625112,28.78466110102894,4.016987505083943,92.29615728563348,33.423149467593774,0
234.11272456051594,228.0444916765935,64.42908407501051,49.39910988076552,16.19882599968959,747.290712574363,32.40947570103941,1
223.8957817501449,230.14219601394925,77.53614226178111,38.056447689089666,4.51195732051853,1010.5293169665487,34.84506374398174,0
231.04431797502377,227.41875990414815,38.2763793065039,37.472679746217395,36.62393172401388,221.82880421731977,23.397620121014707,1
220.2016493806011,228.84633336731054,99.70671328453935,42.44219538288596,41.5088048960638,468.88316141829023,23.899503998005784,1
223.35906975550785,233.01887842764333,97.98345297174265,44.353093642704124,7.754770645888402,626.8631069781276,37.808190344386574,1
230.98430617934562,228.26932439143056,72.02605490775495,39.69435821994508,23.64649409965379,1383.319985751272,34.99955596904142,0
233.69233289997706,232.50707633619544,35.96339607433161,23.842872390986003,27.91795402837698,1490.2197723632978,38.16456977400646,0
230.85684140594987,226.61087943602715,74.41825939450331,30.148025179834953,22.77412828389408,115.12138354364299,35.174306423278416,0
229.4217585880588,231.58941253374584,25.775872718334067,47.8425092097815,8.14047502862639,1153.4614890683185,31.94310611980604,1
228.49448152205355,234.3247058619737,22.452200176464487,26.738468355315558,25.71791962106105,588.9998962833977,33.08265474055747,0
222.60739004816287,222.58506649961814,40.6146310808971,31.165010715125398,45.31950482069667,619.0643700327461,37.7825584788002,1
226.40077895802645,227.60931423358858,57.009836539145304,32.96230648832588,5.189452207462073,1143.684211353183,31.57613509023881,0
227.69680614520107,231.73121638154163,89.46180043267044,33.18214969083357,5.7306208308323034,1381.7183266108425,32.64782648656775,1
235.28561113109458,229.390863841871,78.17352558130465,38.38818747483576,21.93150621832307,1428.8464620286952,23.12953432007201,0
231.7180914478423,231.11343762011393,79.41652169599848,48.29227513234123,56.56181698551658,886.8277497555652,29.478424402322055,1
221.18479922318633,228.18804443985255,54.03946675584603,27.22078135497515,40.44578615665193,567.825680985729,34.32794223916198,1
231.620419846974,230.2597693624187,47.674799403757035,23.645041289027542,41.041527443681325,1191.94617449523,25.41885396632731,1
228.07458859791842,229.53296829382376,49.683101038768214,25.924114695798117,22.353279459434034,413.9520057303354,24.0450836104907,0
226.61538999847022,233.50334618497942,99.01196509888463,46.60774700627809,36.02598668130377,867.9073418086008,26.276536164488313,1
233.05838144420434,230.76326252990364,23.2087353129986,39.37432437965618,1.5977398576368593,569.9387692110661,24.83001255985667,0
235.15499761247975,231.0128079862256,89.36251968979589,28.577203677174804,38.52966673816299,1002.1150568764203,24.298252740727918,1
234.656400595581,228.7643691016326,66.29403268579148,44.47840816905852,54.88392990699797,398.578423695585,28.49701685736174,1
225.8039123838868,228.53718132778252,55.08923353516724,45.84109989090308,37.141834632344334,327.80977131549736,38.15677027767068,1
228.4539381207439,228.70232543654114,78.02061283321092,45.395430160708344,52.54821701451436,1381.4466756793838,30.141192934774367,1
231.6563171570178,231.1833564271349,58.93351531397623,47.56779600918664,43.714410272499535,197.6153402768285,23.75840761630646,1
234.8777256356118,228.7370465575392,89.87385904653284,27.567230605200848,8.112946567817724,783.638966215651,21.539433387617482,1
227.60412881077355,230.86932457068923,92.05614912090068,42.65125786238835,54.24474512986466,370.23653529636294,33.92312290275851,1
229.0717051166809,236.22620239593633,53.73767414987643,33.8161849182242,4.920186816990718,106.4484468222178,27.655975288727756,0
224.46832512996986,232.61337411029507,42.14622377880413,45.25995658670185,32.504080880318064,102.22728652256826,36.43661893170719,1
224.01896687959663,229.02192940349647,67.38802628746897,41.85472031484839,9.386090303814003,304.07156955344965,33.1902153728154,1
234.06262911197098,233.60364176649185,92.98906764933528,43.293423394991734,1.6906900331233399,1306.8170140337004,35.92482901082737,1
236.78120014285412,228.77577388093533,36.85297512045332,39.68485513043214,25.9000213475307,459.59417876668863,25.438920788368975,0
229.63994939209834,223.88562639446644,69.83732668507862,25.322863084091207,18.40740175159522,1428.1657973341787,33.84717844922116,0
235.01766448946012,226.97574106724778,70.52481760740164,36.350807566908145,29.67402913405858,893.3523248343306,25.281239693874376,0
231.80818012523818,224.38762423692242,78.64904179322248,49.54009218573525,35.0547933173385,683.0905751647108,38.781369589005834,1
226.7744012269744,228.94545954787608,30.525414810180784,48.12164199491357,3.580605266227894,891.1288102707092,32.72748563066749,1
231.80697802754207,230.05525513756865,77.26599717456708,21.29521207391035,8.257194412300993,799.2126585780883,26.490236003506844,0
237.69018283232984,235.02931193682585,92.72260165325127,24.944444471883113,33.9599013905751,1150.2255679481216,25.390237245845455,1
229.82086980445024,230.9807821212925,34.37464870961936,23.951863203636858,21.246873837186836,459.61929566063577,23.81853170143287,0
237.82321827907003,229.3426984135734,39.00346599391021,41.779397299558866,44.02123576541743,561.9230678204385,33.89281917787456,1
216.9012744795513,232.48821674355048,97.71160752333117,44.53355989570835,39.48520726692444,1346.4367386732135,24.374312259958547,1
234.10951252187613,223.36659407297634,34.47815621675918,26.40534098932016,50.8906574164045,1422.361944068088,31.906065318549782,1
230.43523534119086,230.7068436743257,88.35080746956633,35.17558078855487,41.857076773484295,1344.209429855388,25.292700538507148,1
228.50496324767067,232.3125955816609,59.38222851584278,45.221090840336004,26.36593356601874,658.1995912381047,33.23937889587737,1
230.4588038826775,225.5642412626605,39.778485952254165,41.98404634298752,40.70503072127151,1181.5299793599784,36.298794570810784,1
220.06215542699553,233.4312621296208,89.65999210180091,36.26711616475545,17.247489281069694,740.6868132865933,35.56050486289306,1
228.90164056081244,231.01548922248324,55.62442040021324,37.71043071376319,19.072496427914547,771.4327856118482,35.217026618615634,0
231.78556285755874,228.7541362582976,61.18538831437522,35.2508164074884,47.55012443532681,346.78615813306175,23.75444811384504,1
237.38947022370758,231.89834559831885,48.73866955198125,28.92645353956462,27.33875146769335,907.1389397248489,21.767698939690373,0
227.40864890863176,236.81207857341317,67.4360681147942,36.95065978577048,48.1044400905828,319.8970517423545,33.978976569747715,1
225.95753198553408,230.5455987651755,33.08190980680182,40.666559061502724,49.522920046428425,530.768813647431,27.366944275887025,1
227.49121478207732,230.744661758901,51.286522932140855,46.199687475824234,51.59617792201574,1289.793792348906,28.646924528066947,1
234.57701058851038,228.62191730137926,97.552985786823,39.08874061937745,55.081478914631234,350.25992335574006,20.62298185586782,1
231.64375554829843,227.45046689160563,40.6506746160902,42.83364611129474,26.428128010284478,153.17951350147757,25.191528985500984,1
227.3511989811648,232.49100744963275,72.53893316330337,24.80214904863719,19.81314228094719,150.06100928858365,20.67352807748928,0
232.56633716556678,227.4317485222734,46.01520513797559,33.8467242325937,35.34972604905272,1414.1375547295065,37.583715452024954,0
230.4853877467402,230.21469871165817,81.87785005492805,20.279948594812797,22.899172982820026,785.0346350446601,24.86793366437061,0
234.84322495266446,228.56702765970465,30.469892857467986,27.40036593564869,36.46337584121375,643.6475041346765,31.146743391460163,1
226.48973453061325,231.43693947723918,97.58568360628358,41.79385145339015,42.62956589598565,1225.7739424614817,20.77958641322261,1
228.36168926701117,231.00098631586084,56.30316331069114,49.7542985404809,41.61589609103608,1261.9475954702482,33.33694782611316,1
228.0394592343392,233.1126198327737,38.88403706771712,22.97534298761648,23.09862033418716,531.6769980176266,26.460546915081878,0
222.6824252593394,228.46995080343575,25.87973978640101,32.04482947583865,10.844751900226417,1055.746183337003,37.95838373915332,0
231.48060138532287,229.1903751941199,33.58063240700326,44.00212906097478,26.401230969270244,1168.1280829852356,37.762363778680715,1
231.30527636089946,227.06370885265306,61.58191588448141,26.121069038866963,9.413054500832615,999.243495955634,26.505812367234956,0
230.0255672832123,228.66712021977168,46.9602541145029,36.652548479068585,53.51572507584469,269.81285846014407,38.019217913809356,1
228.82706433312427,231.13190147913457,86.31066927060876,41.992138880890245,21.406770183533588,1320.0304710997327,39.923153469975574,1
222.92314628974793,232.27096584993606,54.47100189294447,38.479563507805366,10.113125086176103,831.6871014672126,36.508313282478966,0
227.8967733861732,227.23350402746712,39.89714180701039,25.640742038462484,2.5014178344393017,459.58501823650533,36.89742695510458,0
228.28642741736616,232.60881776031698,69.37159892832241,30.661537060572183,39.10352079090257,666.5808688846562,24.9801747221818,1
225.98861365389192,234.06691357641486,76.54217735083566,43.513753534561914,38.57723672982985,104.4780810784157,31.534047977155126,1
229.19357144166995,231.2403047096711,33.36335263207599,36.6267954239605,21.09564582829621,235.40686177250547,21.345118279347357,0
232.02025428407268,235.6303874376742,33.40953730306541,20.156888406287383,5.23100144201141,1160.0427882479983,21.898358736433394,0
239.43092950605265,227.6786324026893,22.933714154683436,42.829722800842816,25.16810479881869,50.016870395280904,39.97785224066581,1
230.87288906415918,226.26603589006575,78.91216120525124,21.059340648207172,19.36183220874022,654.0204512993237,26.53278498851822,0
231.28775195361382,224.66383925328716,73.10436220974441,42.37201348193696,40.95011774436555,807.6397625741032,34.963678240976925,1
229.62777042116917,234.48813293446756,57.97047005998511,26.074416804957124,36.74097571770873,129.21990900140983,36.133301060536326,1
220.4061439235048,231.96309696906218,87.53363591753578,48.74220440358141,22.51102996365486,1460.9633363098826,37.16046542014458,1
229.86743062275391,229.83324598726864,84.45361223600426,31.038222539062534,13.855660701044416,377.88173031202433,39.95256594804313,0
230.30115104970514,230.83990587895946,66.82834915174017,29.807948490142373,59.29412200317992,491.08814347260727,24.829929705137356,1
242.31621056242642,226.62353285810488,89.4617024410607,24.46664150997334,27.78609565057078,490.71664276978964,20.807016537193995,1
229.03819517609438,237.3372559388505,36.46729680294146,29.168126464706447,41.608179911033986,384.1041600701574,28.22383035989172,1
231.50773671166806,230.38766354592568,28.95356955181823,46.29952285484602,9.292625087123286,52.13704202515155,22.60161339657894,1
229.82644115147377,230.3281843838147,41.57996892135917,49.890030128817415,29.64979227990447,1107.5499514275948,20.4485177832411,1
224.15660981190234,232.17729987169608,24.56694848714519,31.049285915205452,2.624666472298464,1451.9259747089638,27.208536542829723,0
235.71411407257511,231.44302769521013,62.49356224008256,33.458318928636274,30.821851956716547,375.2255507633153,35.674765021504726,0
233.75966516343388,230.6716520728374,94.92845538359691,41.66212814608211,57.877027019944435,1011.4184281149625,31.323613824501418,1
233.95515973521523,227.62857663366407,23.14748325348077,46.585873413952235,23.668196066162213,1125.749674090137,26.25555978420708,1
225.4530627260263,231.414405071408,29.768793120802144,37.79133002560353,3.3007647419197834,1280.216799681261,33.08684010985439,0
237.0139715546805,235.6460734894251,56.175922262674824,31.745770945334883,2.8263916642412683,662.8123356697332,24.640363606176216,0
222.9907446860386,234.03626013846494,94.7100014022324,32.378655225458715,23.8912188368653,489.2498131786224,20.2876289214417,1
232.93428546900134,234.7795598799182,45.29248839814004,40.868544394904205,10.441471251328448,521.6779443333951,35.287067728728545,1
240.9522781290499,228.46635297070645,60.57878469507139,20.09654790812836,2.377773683362969,1083.3009329928436,32.47486169728018,0
225.04731837434656,227.03118553922425,23.325828724031368,38.587680123795224,45.61660322306043,1234.3302264331724,35.246052490019196,1
227.16851135198613,229.62263923970104,31.86745607696711,30.664790313240722,28.052857524031552,313.34025324707386,20.77876033375331,0
230.4982568254382,230.1671747368661,98.93040983670775,43.82591993831252,18.065441546386616,587.8644618287595,36.74239255661304,1
227.482621729419,233.28257455541285,97.20949571488364,22.789719194693966,54.10490779797236,1357.8132852862675,32.39052400072607,1
222.24668284466935,224.92260611085555,20.395198474752767,37.646068008451714,7.852198651831011,1219.705603557372,31.267907014252803,0
230.34281487403013,234.58865095838183,96.14494283385912,34.42918669658371,57.399210908363834,1478.04468400559,32.492280962290636,1
224.68848143136947,229.52597630426303,71.12959502524004,39.26976577715682,19.524036325263815,1143.6599765390172,37.28866493736729,0
232.3679621531759,228.71935679015775,89.43346356160177,21.94560783448905,53.415816666212194,620.1330414904872,31.73873013117814,1
225.40287882883098,226.9636868742195,56.379188450708725,37.39951362284394,36.57362971228823,906.4248592922247,31.619007597763584,1
237.7496720250877,225.0354299844027,61.24768228634002,36.84453763878571,49.77573422474776,1008.4706686586144,39.81358314131532,1
226.08373353831882,232.46951175188573,59.10772642055362,36.819802832485124,59.05677662941739,163.76093365982973,35.13460334137136,1
228.38969241897163,230.21995390156522,73.34914060368834,38.104629997893646,18.015920831305998,839.5205907006044,28.845876109022704,0
234.06758608684834,226.13011730077685,31.172100380505032,40.294038116790865,57.70699363904799,1078.5152012852839,34.14794000065855,1
223.84567841783021,226.11476368380914,22.397887189814234,44.14966999042309,23.9794317992428,292.61589080153755,27.78460943383577,1
231.13729967302064,228.99264590212962,44.63439532729527,28.09462160384643,23.745202379478417,1181.9159902670579,24.57750924966998,0
236.53571377141213,235.00706457586818,76.37446101893174,44.751482305401865,21.082839151015836,896.4705317454618,31.937037537755188,1
221.96258382719387,229.2212259459092,36.14827616983587,34.947670467903606,32.943048833507525,1430.7215892615122,38.56364196227903,0
230.92316929266153,225.49057114064567,73.87459466599338,22.311748374029936,10.094557547530739,111.51233239999296,38.58279040030925,0
231.29941397124213,229.26277080774216,97.59296368858163,21.756527877319375,33.66897763612266,434.7228994554271,26.838105562109806,1
233.90911435888654,229.18182929075698,27.512057263153473,30.027149560881824,32.96058393219023,922.2531249847449,30.5535493244339,0
223.8152464456096,221.90934007117528,73.8081694580101,43.54690931334403,45.95220694368733,480.0118726985995,24.232717971397225,1
223.39771693457863,229.83711540044655,55.50001754436569,41.23042804222747,50.18534775431755,1085.9150379033013,39.91262218997767,1
232.60970782808448,229.30719640937397,89.45138035020042,43.65844894017219,26.98603966843302,1150.5576596567998,39.62235815735872,1
231.48492336616593,232.08861909444025,34.17198315579087,35.51807169324828,18.837661711738132,198.64814789638797,32.990178594148944,0
231.25246425172938,235.54686828483602,75.41007617809316,33.205969938664715,16.300758941708573,795.0889730998132,36.08828119354946,0
231.73224104748488,233.37969508864327,87.04922317184882,24.42357580118852,12.482806365587445,787.8913056070311,34.302003225674,1
226.59987639210755,229.1933339283355,95.56913755792186,29.845782608279347,4.401207349742468,585.4571168125345,31.863164380789364,1
231.161268485805,226.68042227377498,74.65984226317167,33.020580985216256,21.204430751248086,1402.7410507260245,21.066959939777952,0
231.4653623664934,237.7200794097496,59.773981120674186,22.658012890388516,16.94461383571621,1249.8841638161707,29.09528685105322,0
226.42824290986817,230.17765530204346,69.42777921609711,26.618358581336338,58.018625766118035,1060.9536037689732,33.49572604334821,1
239.3288725557238,230.04178787573883,89.51239875829745,37.94675882191217,33.90482074875259,1085.7736218157465,33.55063227767369,1
232.36916460455893,229.92762473866998,65.64877973110637,42.0698934271757,21.489345302799947,719.4884085290226,27.46245236844767,1
224.04348251398676,230.59425428230355,22.43096477574695,49.95042534178849,35.247588458628066,1385.442055590035,38.833839733160616,1
233.28276804316914,229.56691876422818,94.47589564055822,47.99339994030673,9.212605379396035,1057.1633695172638,23.34714064473562,1
225.12659164886338,228.2790139793593,75.1621400825249,39.27695598605575,27.198581202929972,1107.0225394009337,30.00718892431121,0
233.93542301871227,228.35942317627882,74.12107086217972,32.637441598822164,37.94782496384276,1299.4518104916506,33.81767953101645,1
235.792977895037,229.901740189352,37.254012191817374,39.08532094124698,29.844972075754633,447.40380454617696,33.942716117836184,0
225.89658840824146,228.3697256865987,72.71083761861257,43.56954854240696,24.70494923860513,1220.2528106067193,32.972779135376314,1
234.81688064622162,227.8614626519685,51.50915245233268,23.55008572770162,59.63705494508219,333.09887428691343,25.505764269037204,1
232.0639046346825,230.31929068307568,72.09863816331936,32.297146690888646,52.93857096678669,550.7458307550874,23.12413137373244,1
234.11030079997244,229.23506834773744,28.527442424639258,45.19406856906852,37.78095153140697,536.635158691272,32.71880653653422,1
239.48396491326974,234.51197896574806,72.62762436824289,31.51498855799132,34.59326430975468,1468.8619291642538,31.986042322788755,0
228.77305941998566,222.04709057482097,99.95309806165332,37.156168136815594,37.61896830965046,1291.978974434494,23.58712020578482,1
226.23131917821254,233.2745205557674,23.856963108844482,37.633080825865946,12.877414361523561,1066.6962993058767,34.10278291141127,0
225.55242785187238,233.73825557749288,98.17393473770538,25.53428759400918,24.3131268525948,1104.2323043423157,29.10343983467313,1
225.92094857517282,223.77982930277554,52.55263685782965,30.867063249568652,3.3281124405630598,865.005551883728,33.35521183206306,0
229.61449145292949,228.97193721775895,89.66027602698074,30.035338662257963,29.057216211722775,1423.2814673073526,36.747341595403014,1
231.7057598740832,228.88567740201262,82.59083872466188,20.785901255961942,33.03845045350213,769.5751916794243,23.394568571538464,0
231.3834539966501,225.77746491584654,65.36130087893342,20.725752916740657,14.437234430089365,601.7506793113471,20.382897359936734,0
234.1359162451801,227.6665499372274,79.07593674010613,44.9509113102732,57.87770198276531,286.40123855080697,35.58205172791574,1
230.06500945938953,226.6682724636025,90.28124490410784,28.19212429918437,54.65782204529728,1189.9981957785342,32.19394850305232,1
237.26767038578657,235.25681133027086,52.331225732082636,35.542362987164466,43.60645089189845,1114.9437015096075,33.992791392442435,1
228.67671583381022,232.80703517944238,46.16265292505909,28.961767207663193,32.469811097156395,607.3148058599955,36.76309949977285,0
243.6008458329481,233.81466528498248,73.40747084508678,48.220377353460215,52.32818041921341,86.53045024088257,36.056218696490006,1
233.12833673882503,232.1650161921297,84.62767535530068,27.778902765973214,8.708488285584313,1266.5461251911156,39.21840293857649,0
225.7142122179186,226.61284468634832,80.98281078212926,32.88970438216805,47.64007786221821,66.55607600840676,30.718701577042363,1
224.64553750969444,228.4264392011607,83.82509190869075,46.181907514538054,8.364428024044049,1070.364680462124,29.769912653198105,1
232.4123620762159,231.46812368368376,54.84666518503464,45.25800700375426,47.85842909041492,1456.8728091027826,28.0377439978146,1
228.88268607337073,226.33361657332415,85.42673729400173,25.58304253538832,17.27028652683006,684.608925814895,23.07382085688409,1
233.57000247046045,232.13899529051716,29.616724429648677,44.079299293871316,52.74834428007315,390.7114372441315,31.45214465764045,1
232.36618812286773,229.27902380552558,63.559127836867965,33.74560660213678,56.69848353569847,1072.0629645629035,25.540250486519575,1
229.63585543671564,228.8755375773512,20.460692839849727,34.489066162560654,9.778962194901823,1234.8358059225984,38.42615024425951,0
225.76603140965798,232.13287990461046,45.96686639202162,24.004399172478315,28.297860698858216,842.3239583128786,31.663816085541953,0
222.42576387657067,231.3327899344581,49.31692278971183,22.418045412713738,58.87825531159842,1452.201149121412,31.856803610162203,1
227.7674252396649,228.91710150254275,51.69381532874043,41.83817920921295,29.52103872241565,124.9196464040436,27.098493217540202,1
234.28199397161737,233.47798941009273,75.63737653518898,34.893834570658996,51.94930382835816,781.9536175415658,21.03978703955415,1
231.070468720651,226.7568100172003,51.08464810162766,33.10552107845538,35.73515980574787,1091.7582236176977,20.634875307459772,0
223.77130610644005,231.8478068208328,55.895489809802456,41.8852468595719,23.14446456725651,1300.8286831663095,28.466702883063952,1
230.8659046292559,231.77930377390516,39.0035304699462,42.96538696973329,17.86122977602634,309.92063726629556,21.691307561944758,1
231.9265868986442,229.07136068205804,49.860143330347206,24.76724503008061,12.99016237407915,1210.0050485573381,32.136939110802786,0
225.58071281899433,230.97839906672635,38.181570181052116,38.30675448432924,45.946093291284136,851.4252597918907,37.61946011279315,1
230.76862552972764,226.24665927084408,25.85567390147549,24.060622468330564,23.805889902558643,625.0028388854466,37.65829633037444,0
230.29104359223,232.7720810576207,68.27588747051024,42.54125258087137,31.165252269844316,240.98679143968567,33.180908202644645,1
224.28514851084688,229.44529359067104,73.45702388440131,39.708654688014185,30.047203320069734,1304.678850417923,24.224636629458622,0
231.78893680174141,228.43183093844289,69.55922768076917,48.69843863250374,35.059462724754745,278.04615186058726,37.25993662717744,1
232.80392263184117,233.14702767751066,57.07952350404579,22.068740490692637,52.069051591848584,499.1923958531939,37.72186870626416,1
235.41525621587638,227.88696892837172,50.38286241433838,21.711641634537628,58.86362127142233,470.56602134553344,23.933071699059173,1
235.26901026017453,225.77461611090934,89.06669196574602,28.465612240796005,25.0474683058552,1313.5503495767387,34.748521715413546,1
223.11165316021453,225.3301124794283,61.526542810897446,27.85117051207718,49.82361640427188,1025.419341602902,25.73039097854246,1
225.3108748004244,231.81802985403692,58.33455021037848,27.409363972159994,46.10713988462834,1205.18802592749,36.0528062470586,1
232.57517633604328,226.15871194251116,22.051365264514857,47.1876374156311,34.83820813587882,413.1784532491235,39.94475799807205,1
232.56892975456105,235.26438254595308,47.299826210092505,27.486385995485183,57.406781473104054,956.0674444301484,20.600520106587858,1
232.57523843153024,223.75421177634882,50.41564950286856,28.158491783858928,12.827996416175765,879.0316755584356,37.94731731581864,0
249.2636574532736,235.08936910487012,51.90582247175204,42.78194787253891,7.446588408267663,1257.6040463429931,32.45261067197316,1
232.85445255346585,230.63305240160784,66.41378953818659,33.4921952735162,51.383756050369904,1363.8262376978278,39.467652383296425,1
235.677828200903,229.70986066438883,62.68820373815028,43.301316708655435,26.90983918139115,67.62731864221087,29.300190350528553,1
234.77000881746602,228.36524273957315,68.63240742347557,21.960984726931557,50.97116239821657,1027.3288826352493,36.947758611427474,1
233.25695625652898,231.19740834305622,81.19066092337026,34.62713581020153,53.69232210652948,125.16190872360708,21.247881371965544,1
228.42365377679826,229.88709589272545,85.03885909728749,21.008408005498477,4.684998023525215,845.8450643621661,26.705581001565914,1
233.79484610246635,233.30990564604957,77.44984609811955,21.879596103660635,53.12442101617758,467.0674571133334,21.340330755024198,1
226.13587392731213,230.34268294598613,96.44189567639478,47.19312360033233,27.45082426679591,494.8260693071047,39.50686266958141,1
228.81590696629996,230.45090528438564,21.45860661410893,24.177361133527853,31.1155168512497,561.7898300059171,36.339478145436736,0
227.57318226085448,228.90916336335843,35.662238854683686,35.972620468256515,37.968958154499404,950.8740511219347,37.05094842491941,1
230.4093706969316,229.8291631288368,20.605029998251368,32.33286807802119,55.65657379707512,534.3724502197153,38.75930462867788,1
241.57329283336753,230.9234053066762,71.79797713236823,30.42029978776528,2.127849571356078,1112.4136233559066,21.702069722395706,0
220.66367403704126,224.86949482203013,91.84244391599896,46.99500037061817,29.13376463075121,636.5647090821111,27.711951850266665,1
233.43130095187257,225.95544373368287,39.47858372610394,20.654701903264684,41.57560050340308,149.11214044944,21.420697780880044,1
221.93642064405174,232.22979228206813,94.16276358370453,39.91369058526767,43.63971050419548,1186.4517716019554,24.215862031000572,1
227.64034067105283,230.5125963143838,24.821391223164866,48.901833026406514,41.85941346068937,464.3495706594237,24.587315540753448,1
235.44475298483684,229.44804999094197,94.75488214444114,36.805045503855254,8.93167263507919,677.5119754189308,29.382144220951574,1
230.32140009547732,230.05530179919617,48.12981497917075,48.104673860992754,18.66433971392919,1043.8936306717574,25.371243349072852,1
224.61127611035346,231.042745116085,28.11366627593732,21.56773637858071,22.164215999603794,532.0614278656324,22.019562136355223,0
226.42348145370016,228.3807209590719,58.86974073490605,32.56379957222484,48.46179525309079,132.04920141273766,23.349821781882156,1
233.39798874467337,227.66508582379305,40.542125417640634,27.804733728861535,17.446832472458627,592.1855181685797,22.94551127104182,0
226.34816684141433,230.58753576529304,42.78983215695383,41.924628949421894,13.431592868164987,1419.45044490674,39.46153595824597,1
231.08229294790988,227.0648816671549,44.58319719410292,49.4389127149174,57.48943312324767,980.5148760829094,35.185850138369474,1
230.22785919951906,231.22475826714341,84.24207182661307,27.695901873327436,1.522933821694665,1023.64476556745,39.35522930539124,0
226.7419982619709,224.89224918728647,63.132902134020355,39.62523804422223,59.871430485236715,966.8091227745778,28.79480973015817,1
240.71972044662664,233.08746691197692,44.90461593248029,25.942928982792203,40.932456632586344,338.53860149118333,25.567369633253133,1
233.16959511159007,231.41779244723912,68.82670266487347,36.9599076371483,49.87968866749791,656.5841029483062,35.96586394418374,1
219.87428706671196,230.76808920294164,77.29205393785548,33.91797460065008,18.382544384425398,1138.8627076268115,26.525078360822935,0
230.93227157384715,232.94807295183654,41.8099200586827,49.16015988894611,1.8446013823565388,196.99070145208077,25.987667474106964,1
226.69106767615807,234.99642333338772,53.08392812202812,38.255818180893996,44.53430159513027,452.8865253300828,24.650119844156624,1
234.2621666739811,233.0431101950544,29.750887466955803,30.485191162604565,50.21453122303987,450.6627072754877,22.593579564484706,1
226.0373963078365,224.47737730600505,34.491947962774425,23.422873546638,44.688091785257626,676.4274450120337,25.12926122033532,1
229.42631779266551,226.1612690997929,74.48942831719862,24.537404862048035,9.428166950749477,1471.5346743661682,27.106394969477755,0
232.52493639490228,228.12554426691295,34.515067815650156,26.759507898537052,45.452247413161174,147.8786926915418,33.47988416291461,1
234.32877597085061,230.0782731506325,62.01307069336481,27.52899984020894,46.366444144350815,802.1164418518628,21.25129684438903,1
223.99851796472112,231.55297706140738,76.72370093779462,45.51848173523413,39.85389042453324,310.07878891770514,24.21013879330686,1
228.32749382079527,227.8227685605396,28.55015384757951,36.83668364847575,46.20084003493959,1457.4809908441289,36.18047280583353,1
227.62527344419522,230.56030029343123,65.38497757031229,35.70172734123099,50.909364940986194,214.2900818548231,22.938438471675415,1
226.73335383713143,227.73385120294003,40.525022696109104,23.443066156076526,37.20264274001005,635.2214534243074,26.85290293045043,1
238.8272712014055,228.16544659102416,97.03415001900639,45.80419080048305,6.227678124211065,1119.933228010179,37.2931784371628,1
232.02490855480477,225.78001670945534,58.683651737593976,41.68442909625451,29.77004077036544,1071.6039206397957,23.098506222868853,1
223.6955802283248,227.23030026166728,84.47940398201266,22.03005085700005,5.581310745624699,662.9565234962017,21.6547367123638,0
234.58930973527387,225.944946183151,64.01812337250094,41.23505291689306,25.04503883091342,552.4600435314414,29.690759901600217,1
240.61078098506317,227.072380241068,23.473002628385533,36.306146520279384,25.01928285841203,626.5379489016623,26.048390225570728,0
235.16232630275573,233.16092538982352,70.65211004752179,22.45176037240335,4.894580804274254,433.20058158002695,31.26816728967708,0
222.40315017022994,227.15180333350418,96.11226737653256,33.74901924585969,21.58041150419928,347.73276112485973,36.076097809669506,1
227.57882963566874,237.89714619451217,68.1289456117065,34.54088861390141,7.548887828687575,750.4075614603905,22.742969763054862,0
236.3345557459331,231.47995370264266,85.53510875414321,24.97323620489827,48.68587739054411,439.3739462980306,31.613981691085698,1
226.4616526719061,230.5545083710846,90.73651706787263,48.37094441000847,56.91359353190378,466.8194141010127,30.110175207797276,1
232.21909714073115,227.42492665945636,38.2463817559146,45.49926114441986,5.266672040218378,1002.2962920381077,22.881575720263992,1
233.8731702671467,232.10092963822697,36.96358719265813,40.07067011987325,57.35179723021038,1454.3791309648436,32.47996971057965,1
225.36534764210958,228.27308652128667,68.87847910807935,33.86886683001822,31.832019360867964,925.2739408110939,25.472808357215435,0
229.702373219691,230.36602944393607,52.882277584536375,32.35296624753526,18.67437499927856,161.6202272442011,29.75668637088025,0
213.79366329965464,237.6802536148064,87.18890422933762,39.529204014528624,5.534862441293647,159.5962400883971,21.64544648554124,1
224.87806179332856,229.71182030082605,92.00184987184089,36.36295608220716,30.536831816154653,1429.5636702260706,29.19168114427246,1
228.7371592430342,233.44781997885704,48.27371034421745,21.86819317645657,47.87641712495417,481.07164594563375,26.129269360856405,1
223.76108409017576,227.89047072462233,38.94964471795856,35.375079463109955,42.71810215873519,183.4971298195894,36.44762422370709,1
238.16205651965817,229.89503452850911,82.44204121950895,44.192108516985186,3.963334676374452,918.6146513680533,21.139574539947365,1
222.84929311019684,235.31240190690653,41.984482843850884,33.77719632790874,5.3012082867063075,954.2907285208859,28.3721454983666,0
227.79977756651508,228.1190988266367,85.80914548109428,21.558697326628053,24.76952367532559,990.3319891720978,29.168628482628762,1
230.65370288643047,235.4373456739908,53.89906029190102,43.588345981520995,18.422139148828652,437.7329403934349,34.50012152598237,1
237.2063664453306,232.12325580636642,73.40399194331764,26.04091346407923,14.710675060306823,71.9104921109888,31.48575150180422,0
222.8206892441028,228.3125996723172,27.642825106773454,27.758625046641164,17.5792654356141,1449.272285708984,33.34424674388362,0
235.8158187607748,231.89722321716656,69.90874597412585,24.941190602968877,48.4054818545162,413.79491625209863,35.54098571303513,1
230.05116530509792,232.91766334888018,56.14141429897833,29.906451946144927,55.82445516427938,1030.2381176761937,37.24405947316377,1
225.09245674476026,231.86542988665158,66.92867705403793,42.70254517065905,24.901058977126418,1074.613311324129,26.277509934449412,1
232.31051737131637,225.28932584032864,33.441136619589074,35.58157578511812,54.46054912581733,934.5107547652542,30.760454107278058,1
230.99529847786735,227.8185884725254,78.94989959553456,26.146438224521376,19.968246373625036,503.7157216097899,36.802161568784,0
226.99891561420603,229.2574440933455,89.02376620345828,46.33490234456123,29.109782194283707,443.0895679578954,39.78902261930113,1
230.3490104249501,229.77669971269987,37.33918400726205,46.387455648545874,14.335710871143984,916.6190099189195,37.79038622087526,1
228.0734320156912,231.86201629265204,27.657164441612938,46.11735275138021,38.788086488374795,1305.8386687369527,27.429345252487536,1
230.56758672625625,230.53310300279975,21.89108688370691,27.16388634144618,58.75988579531373,1422.7639069389236,23.903330344373007,1
233.31065337260523,225.9939669238697,71.35772003546128,33.537180325429645,36.60609266655934,203.56341638544856,29.787850748131774,1
237.93008408072677,231.14059355301788,68.56752288710246,49.54968968422625,22.111030962699385,274.50148826669374,34.832829036720845,1
223.81092250586576,231.83175723585146,63.7357930171256,43.16037428929971,39.22122931344117,1419.8675752354654,29.85138141506595,1
240.66516687328132,231.67937134379312,38.555767689278035,20.815022636766795,8.252320029457866,1117.9760810854493,29.66361726627337,0
220.2395610023875,233.24234217666387,51.27247967244117,21.95613773781476,53.43088573565852,1330.341046003171,36.76460842163601,1
229.2410745248221,232.5017664636467,67.55810681489385,33.91794130436998,30.681953096010346,343.8173194962476,27.228075581343727,0
232.9415860324229,231.3775402376853,59.741348708733554,47.27660617584681,27.51163478033888,901.9995131086326,37.19589349623291,1
231.40495933867516,229.78950286562406,99.02284161719098,36.161053938581425,35.566022518757634,1066.6524119053367,28.136096019034472,1
226.88650240089703,225.01711719945203,30.91518020453865,34.934375241028704,37.862247904574744,1036.1622338981103,26.56466211356679,1
228.95938874821363,231.28885465739776,75.6115643238075,23.164210998698916,5.234772567364269,641.8199517567123,29.07979822399398,0
227.53499532670583,230.62306306148935,52.34550144834337,39.70340314172882,41.27441605218074,72.32259295239729,35.24893917349737,1
227.05317621527894,230.81473651158612,54.25596919404918,44.66309481800677,15.273969138616245,895.2427823661816,22.520040557279884,1
234.2480104851051,226.16975427253908,77.4078212526541,31.412600225226868,43.1232053178888,416.9972318104327,23.928384317440347,1
231.78507742982524,226.75683037877522,75.39489210594957,43.26835552775982,49.52955286866761,702.8686569071909,39.02889651326184,1
226.53545202369673,233.1594585599987,99.30047949617506,48.93429961702435,48.433551945598694,1438.4924718715351,23.50983254762715,1
234.49799937716625,229.88133453843002,30.27154315633002,26.112993773830674,33.59755707706546,628.6012105815304,31.354546358621093,0
231.53649760438304,232.04450209211788,28.328771950733305,35.69988893584224,31.690023646334318,1267.7123296634188,31.586289333238756,0
234.0643105941948,230.08495512839139,77.94710537029928,28.614138742537264,9.429681719025291,323.38387833641417,29.792489241004894,0
233.14814420961807,230.08926841848722,66.27095336051272,43.785632571015185,46.745422873785,1025.0677221362916,32.89490497153637,1
225.85502494538963,232.814851417928,41.93285332478447,37.32780097643473,17.01315344635615,1466.660083936468,24.59653451595237,0
227.19909479901514,228.45186581534787,26.35354951911893,39.03747252650911,30.305029946258845,197.74499626575835,31.053245355534962,0
233.73646802561632,230.28836233082296,26.852659967714445,43.93742478847682,17.772171482723486,62.063916229428415,27.443465104937943,1
233.05185132716733,228.61317413388488,91.53526997312946,31.879114179873646,8.895873416981896,678.6950493172908,33.23334519258378,1
229.89549203017927,228.69651131770306,35.34938597749943,47.45270205221129,38.14390411661246,184.30695042448244,22.82447086746299,1
230.5866369165439,229.07248362959407,45.86972496924166,35.9908660173842,4.205590054551326,1135.1573070305355,31.417548336789523,0
236.38832447894214,230.66640131490115,38.13251217815904,24.73864468506044,45.1700688134458,1376.0955625804104,23.705407107666474,1
227.04214305582084,228.56375413500956,48.39970446655499,40.876973545064075,19.737620920405885,679.3304104277003,25.572861262300727,1
232.7354869058502,233.76726837672055,25.55390741968747,43.797840513147634,1.0079468872646338,425.1318811253894,24.374196006471664,1
228.98903673783053,227.31617809334148,61.52478327266163,29.5028503120258,31.156619214996557,679.8848125595841,23.656755597376343,0
228.9115939838639,229.43938506751593,25.409005087377192,45.71537770996259,3.7642626031285844,1098.9993358825016,36.514219031213344,1
235.49388425993595,228.68080682517748,84.02852062578893,47.18429764297299,17.29400391143307,63.12853429153792,25.714151353217808,1
234.12708174494014,234.3409336530612,38.69696655283464,28.307134621334267,42.71161275988725,904.7082847528109,38.54247563728899,1
234.0675481800032,230.5896643295347,63.20095316836085,49.50564418145666,4.698687675690087,939.2729430866997,39.39853050690382,1
236.52739403577164,233.0955336184059,90.40632700491666,24.221345841462753,50.52097104900414,974.6479579991064,31.42520939874195,1
230.10501920816378,225.54331888088907,72.07018952377553,26.0604700520747,1.2253754368564034,400.932015972272,22.860022453314528,0
233.40976485647482,230.8011507976078,62.636622924106824,25.526745177140782,15.562608282912233,1085.3764488982838,27.490964867591625,0
228.44866621703272,232.6688923868703,45.94670024923005,46.819691300236116,44.71333931297222,182.51765518107578,35.95464526696428,1
231.6208317624422,230.24685196782627,46.64015304465583,39.62877656974885,19.6599388340291,338.94198787686116,27.34781457394141,0
229.34928472816156,233.19644112519606,73.5589564158552,24.563128496668185,7.011650895894798,1322.3315676489988,21.740344366055776,0
230.4849798249636,228.4481346496989,99.5311488976934,33.20970255105047,22.253801209225244,1121.1485685535213,31.13569821856376,1
232.97578512718457,234.22804232055674,72.9471351879503,38.458940752094065,16.953203896687008,69.93105331645062,36.9024170299207,0
225.90889658383264,236.89669437085774,64.622673389602,22.503922549681498,50.72000222747274,410.1455775362103,35.91852774287005,1
240.4619363784273,228.91148431868103,78.45204081913968,46.472491052220164,19.487527137523443,360.8894003400886,23.502462802607063,1
224.96991309250149,228.66349243579768,57.21644898269745,44.108106063246055,47.547015834784425,442.66917565361024,33.45529228824933,1
223.92905693606133,234.3601534313531,24.811387408062817,35.15620320729914,53.62045654383335,408.9616669058353,24.41008526871294,1
235.79055436750033,234.73871643719212,64.98374527023279,49.01379845777511,26.59522775501524,140.66312882712631,24.364150691043445,1
233.95831346981467,228.4314199185402,96.61002276043041,32.53282937825299,54.68664548740913,715.4637490653895,37.481435466103704,1
233.12059908526078,228.73943954871243,34.02423538861277,49.523309571094934,23.261765183828377,1112.4635384399394,24.993379054804603,1
233.1417275463214,229.15464617341848,75.20039126565325,40.03759996410881,57.880626572916384,929.7610008402828,25.264946930360225,1
229.93876613576543,225.96664846689717,36.07469509272452,39.04013819761825,6.2680819470088025,1025.6639194672157,20.01306781522599,0
225.51372814257084,227.24404416054742,62.8662147578465,24.97864685887355,41.53413672369132,167.66630887754678,37.41338068251035,1
230.37902279096863,226.9875776997438,27.73411597173757,46.45783274913932,30.13502838695879,1429.6615297563415,35.8518962641827,1
226.61419144243945,227.6966073046876,56.02967490065481,32.82469063761845,23.871279521883178,1265.813159072386,32.54657870181356,0
234.87559866708875,229.89594533783966,80.49306631161969,24.867002173474383,38.33000084616745,1217.3809618187108,35.00531527877685,1
229.2647130924893,230.70264419760957,47.80572193911857,20.37822559927277,42.52756840642554,1243.3265173105628,23.040971348489837,1
225.87251401603743,234.65150147844224,73.19293795897744,36.79267050915148,1.2574329093682362,1402.430236792504,29.16647189175151,0
228.39307079173503,227.00493787778362,83.63599686317833,35.82198866368029,10.850232236084725,839.1682508648616,27.02438774697562,0
232.0646572713781,232.95296719542975,94.17422555835621,41.580608671074756,43.069716987424805,340.40892590805754,21.87553052514033,1
227.18137723598014,229.35803346732348,38.77136654843628,46.70774159053406,40.316739401114184,944.3362313861846,29.72260970429848,1
225.88889802216784,229.8516088710427,51.94527326474465,22.382197539290885,57.99680280259196,1127.1781658185116,38.414793006852705,1
231.21843605745957,232.0244584764998,32.19328106643339,41.944894710210875,45.901229624796194,1119.980220363337,20.801182381013888,1
231.2248328555436,226.6318339353131,99.39868017267001,25.622358322927468,57.09558975614895,806.1010850419761,25.829218269875877,1
227.46528412314436,231.14722923855214,94.16007743394363,45.74531159471492,42.44988959055361,149.26514303368816,24.150818724114067,1
227.6448084719084,230.49935662463918,63.196570422444765,44.571905415849685,18.585080309727147,588.1137607236853,24.762933073313924,1
231.16024968678818,231.47735379202445,87.3626635501137,36.22381264956633,7.216530412800532,1385.1115822718682,38.16869103758751,1
222.75957829251337,230.86750593172346,61.67663818176337,41.307283958699344,47.1276079373512,897.4509191482678,29.361381084685803,1
222.96268112811723,237.36590041973267,69.88685504022078,29.430503395512453,39.004804067079036,830.5813177207845,29.325988258796375,1
226.40777889373783,228.08678004724607,27.12995456928133,34.13503696798444,3.8429747312044773,439.8375958541806,35.211512849105645,0
228.93276424144076,228.40700913499455,80.42163363974464,44.64910693131415,22.24297748815772,584.2509338790394,23.089844080098516,1
231.55453782799003,228.1305784207257,30.217078690818788,33.777955915196415,57.45118911357288,1348.2518292720954,29.745307082001016,1
237.37678108474776,228.33356864251923,86.08541042020227,30.733947959763256,30.523667596901873,1016.3714189139118,28.599704282421193,1
234.28829811601008,228.08783861808044,82.56224701363087,34.826373417509,26.531019025162575,1191.7111887908827,31.93821381093312,0
229.20030735018287,233.56704959332265,76.69957581943811,44.84747757311655,28.004276704398343,708.8008634480999,39.99115406500877,1
229.90491896048655,234.26151274396958,22.89283044198097,30.05624142112618,13.32408071630466,963.858468211429,35.38897788164094,0
224.98735317681096,228.28776111875158,44.250268475626285,25.212847794072314,22.75372308102292,410.1562326776509,27.957314060348544,0
229.90743432003805,227.5029332806873,41.04900559286743,41.36042060992342,22.81898210324342,1072.9182039110551,36.551061045480935,1
228.5567068053993,231.4142466691592,48.810912597721526,44.779346381242455,4.088946191060872,670.0219338698391,23.414167266249603,1
231.61359280169046,228.34333086715708,27.011419741107083,23.019124355706,46.28649008255718,691.690996481381,20.609273726179204,1
225.86384528223837,231.89879545326653,94.95662584248502,27.19622338267834,25.57376148232886,991.5173706364784,24.088967449285462,1
232.59673257120585,230.6087690625539,64.3041792569901,24.25915969282982,49.508613322168976,1407.6069011299437,26.808231122285193,1
237.6636945650129,225.4527676550083,44.44194485264188,30.438242347465,51.170532066073825,142.80920258250035,30.211615149191196,1
229.45619925771572,234.64251560399018,51.75852136594267,33.51052936716238,13.507649227220826,1245.877694153161,32.30258281082399,0
232.0085586104947,235.38763301928657,55.77620324038685,42.464790108899194,39.783855448037585,473.95551009768,38.21211434428844,1
233.45071995855557,228.16163392854685,68.04754666884938,39.534427546450225,28.864626445615922,693.6832090342479,30.197080191009153,0
227.99389764057082,228.83689532019204,61.25435421571982,38.627857024352934,52.92924753736762,81.77432672376298,30.025512892514588,1
231.1204624090521,230.8575961721747,93.55135785715339,30.571248398289633,13.728700071410794,486.5168128597539,21.004860196459642,1
230.06296200390898,231.00337036996106,59.75707863246642,45.2434265925428,40.99097881829261,778.8153018136892,20.698231053124477,1
230.48838049274417,231.97563281801848,99.372641185865,34.138615021944936,36.85737521291063,131.45531215378656,31.023199238327443,1
226.13495108072266,236.03061361629904,88.11399661960766,49.37314814045463,18.422787176738133,762.0888076055894,28.76357226496689,1
230.12255087129472,229.46915831751784,36.680841148586865,39.024264148872106,9.059453315419184,1394.3104118447195,36.78360789960597,0
232.48999145622724,227.60510826638463,94.4476171715133,23.78794224693508,39.44674586815932,202.82016625631758,23.213591694236904,1
237.2557180389752,225.86204231595642,29.309311830838087,40.28532686226302,44.57725002980751,1158.4390557094812,20.49943324234099,1
234.79635413042604,227.80720988017424,85.39597667929533,29.753120462950967,19.62201328203765,644.0230273951893,28.980775358602518,1
240.7659122875578,229.9006190813786,50.4498634781264,40.58981590058292,39.045123637316514,1000.0018860602902,24.74957113504515,1
226.16326218555974,235.38367359055337,90.23794563560556,22.089234444872172,24.312723549078694,427.3430670785826,20.992287466776748,1
234.3616031836034,228.4471661028915,89.44453520859602,25.24644311527878,43.079206113674445,281.2637806849695,34.49196573695258,1
230.91671002869177,230.6713638549167,84.4740320094097,45.67211776717359,12.753701218749134,282.6707906932783,22.231859999144948,1
240.94901466608837,229.95073131178174,83.20243490456491,26.815386710705447,53.52268515553429,152.21332118255975,32.16639000015543,1
225.95850857322424,233.56517982034424,44.37433112784326,45.111233757288204,17.957166191469206,319.18772210680237,25.620995003337782,1
225.80139078909613,237.58079727762086,26.473542644100174,28.37828265363231,22.69937327761302,1013.118108234004,23.46992100710044,0
227.0030367727799,228.40739368123903,52.23841430121291,39.28645730176123,4.427425172740637,1328.4513871730867,27.595030458386347,0
219.38052137845096,228.53168167244533,33.88196119892069,40.82451720529493,7.579220526955307,1230.4822441071847,36.02891552445907,1
227.3712248915962,233.1324826312072,75.59608711219694,35.37964259435159,31.43585226002736,1043.4447493180019,27.841871538091453,0
226.20433669223152,232.04567446887893,47.687978123022845,29.15932030090194,16.787967926950316,210.12620194609886,35.015392984221116,0
230.75196893238103,235.5401219772081,98.04881606879319,26.379331291132885,50.29333331878947,469.3217971291273,22.509725935983013,1
231.7087798788858,231.75178455597788,71.27776618762655,20.995680636872788,1.8669099306422767,499.21996921758,35.45542839330158,0
239.38085419607944,228.92212372763882,85.79844509074887,29.118392037221714,23.366548871644234,412.4375722765508,24.73866649813297,1
234.75211919093024,231.77196449207693,30.601973819347876,39.594883715938494,20.90338725937647,796.7582065790986,33.54786259777745,0
227.11548172168798,233.32611074174872,88.9611585818098,48.14914455345448,2.140330224138461,826.5530315755252,31.315631096819928,1
225.5079266432582,232.4614465435921,93.82057524107155,46.136134467891566,8.337735541030103,567.4846639981098,38.58289434423375,1
232.45959585753252,231.5218220933219,58.96495350551487,42.98194329605908,25.40491782019948,562.9942801678322,27.74645035950628,1
223.3988339648968,233.20002406876745,68.5002350200782,43.653420297598956,30.07901048239935,1251.405616963818,21.32330377668881,1
239.15729382927177,233.507886771337,81.18478407223964,39.94954710427986,24.85309508803728,1194.474630063544,20.383109711025057,0
235.89720060360642,234.14647697311258,33.98709018083301,27.80860572698009,32.32532302631354,496.3039559370812,36.53717121945506,0
227.65412173947647,231.94612966276893,60.205286117075396,47.21585092117489,36.11276881943521,1374.993243616226,30.494712753228644,1
221.43432735454562,229.49864575904942,51.89304222178505,40.12196935717502,1.5855054465423022,1431.5817746536338,35.50488103669899,1
236.76936187082705,230.44014105929998,31.70991937297993,36.813218929413196,28.38161440775673,523.7766859435592,24.688512000230293,0
229.4273007737369,233.61952689952508,49.40275378332252,23.329684076404433,57.84645521236771,563.9161757499295,26.901674910264674,1
236.1890815598673,227.54919298703828,25.453784750839485,33.411666314192765,31.622904527643374,783.1695224618403,20.602077444226378,0
222.02786170602818,231.1060199266187,22.06495255595896,33.81074813605779,40.974993780078236,1414.6251781738265,39.22984649148224,1
227.00312488523113,228.81998356301793,30.81330313238582,45.936908285680104,19.39996761709611,1320.6631780563516,33.357358134016266,1
230.0262184985909,230.08623446880446,97.0492089271339,36.399446605633656,46.66549131101299,198.72354574620522,38.664101755186124,1
230.23490296882372,233.8353555878219,63.96236287160136,31.412016469112288,46.60236743069079,619.4595777435535,25.30992814858145,1
227.74967264260377,230.5732972040597,97.2657728922576,49.30400985531978,31.756466811594198,852.3882251371691,32.22927222451322,1
233.1142496617375,230.13930964446845,54.59983026641056,23.321617799789472,58.584815573473605,779.542085199733,33.56999936585275,1
224.66189785308703,225.92043157706024,44.945290646820766,32.67645284935834,8.40746267099655,331.1014485084944,26.35099400515177,0
229.28810257489354,232.23876069808165,60.49134902721953,21.26074025514216,1.9999122284852786,1295.2843181938242,36.962184700312605,0
230.6014781585595,231.93645254342323,55.16093509063281,42.19712362300791,46.43933449366866,1031.5641353454141,38.943229258004955,1
232.57219417029376,236.48976416991638,28.453174740939513,47.54229656597452,48.62217670452807,1264.9671435351152,37.69710235392009,1
233.55807439044446,229.076665295141,71.2661051752165,28.401119886514685,8.092226518113998,1295.2082050567346,34.78133951878745,0
224.37678954081065,230.6574509829918,37.28305460076797,45.75025030397363,16.66938714455776,1135.1159878153226,25.54929359449908,1
222.3294291463219,230.74815105113225,69.56703639182636,28.766546913856935,2.0355894386311055,686.8553718120901,25.632320842112634,0
236.38838410949253,234.7323598392904,72.01608739185227,47.32310484931746,18.305208036053315,935.2927947723656,39.26720640892076,1
231.66157005989797,229.71411340283913,32.16198825029185,42.61885710790352,46.615370561201615,282.52983887362757,20.20568991871384,1
226.25756731721722,230.83706457731103,24.907970168853453,44.14720330524316,31.55967113504216,1026.785855338616,34.32099946484289,1
237.7557598776126,231.82368952914962,82.46092688547519,20.540196668013635,21.537639996929,309.9172208219571,34.124923251105244,0
230.5783731714643,230.55982736946908,56.78403390154561,48.88431071222078,22.932618399473487,1056.2269062397272,32.45379081899595,1
235.89648592031912,228.66069915634841,24.65310364043806,41.8001297621097,1.079863917212621,382.91733309325457,39.80217692173731,1
230.33759240705055,230.5822699786949,99.58930537358137,29.142532861584,18.688231126348917,220.44938521781896,26.237588715274505,1
240.30373962440993,233.2208952495793,24.62244487970933,44.88183994576541,39.1410657566379,289.6625107072883,26.799437275864964,1
238.77670421221603,226.9204541017668,75.60281830868425,28.445635952447898,58.47747218516507,52.88859606765189,21.57878805893111,1
228.75517925760462,230.39890902244062,98.69431402107308,46.18261518698384,50.97658879205007,1092.1724458876188,28.85596273087475,1
234.85785475477178,227.8996375551825,39.13440833727405,23.37741171235811,2.3921029140862187,1111.9815211346497,25.220970524696963,0
233.22687974792575,233.58513988677453,31.379949494975694,41.11057932382387,54.015075675815524,796.6533573742262,26.867734043552886,1
236.84315778766174,225.43043928564867,29.71079515379431,36.22095429934731,47.20870638461893,283.97606153030637,36.691435805112555,1
225.17538269709948,228.32323445818523,44.262011805407646,22.896034105863222,47.042191290687846,171.15378939050015,38.70969027054991,1
233.4302572999922,231.13163562519355,28.083664880851735,27.25681484776517,28.021749781210715,77.73700133406616,23.71466144010371,0
235.29212243424794,234.69657208770303,75.37290733553056,20.372121088319442,24.482312284315668,290.33485659957,27.450178631069317,0
221.20630256788442,229.80274921678102,24.983343850405014,34.06303896393517,18.872028001158366,1341.7405257255627,38.572611242307886,0
224.08370743667112,228.3344014199204,60.75377025198318,29.03795782280001,4.8759966783075805,400.2284204674386,21.236169213784454,0
219.8038391111995,235.64347120832178,99.73574830823814,37.95072452893277,14.465886446128247,563.6934244649627,21.84721056222757,1
228.65296582777722,225.65595829875127,85.11762156048151,28.917134231258515,15.549614463703453,202.75095249793313,23.255819784124586,1
233.5877112789798,223.40358213013977,69.21755505848087,28.99757334520954,29.560547112901894,372.4238918848469,31.904256682537493,0
237.51178526048014,231.32004335016,44.500289662928935,42.2957959619481,45.09921998920495,802.8756276312974,23.00944542011995,1
230.37047390209887,228.49383732694216,69.91166690333108,21.444285079350603,28.95477987547885,931.2413904886962,39.361527629014674,0
238.14307772785645,226.93630154860787,62.163317112932134,47.08684985575962,4.412822517382476,405.76085554100604,28.934290545170406,1
223.09949270892554,232.12506934189807,54.086670711229715,45.567916231735445,57.50959825830403,133.71163087641995,30.03035920700333,1
221.48308780322424,230.7314021413136,30.45683013921596,40.03414049679219,56.62073482655262,616.9976602347281,24.93317231610813,1
229.7222615055169,228.3077641077898,90.92833721923733,37.79664710322153,47.326183045756096,389.5948878431845,29.41920504869467,1
231.92032724469652,226.15908680398732,55.9827719057058,46.76907494418957,59.488346192289015,368.3531886832128,33.23827265274023,1
229.83652625952953,232.61737198484045,35.56980094566121,25.559905385861434,33.124457635215514,1441.80106393451,35.02354273908085,0
219.66278949980062,231.95060353387598,49.420748070183166,22.36907486572486,57.803332664939155,943.6357045922999,35.077361654198256,1
229.55439980243605,229.70247240866186,53.130380202314164,27.185305097286143,5.460697396388296,857.473742599539,31.557822253881767,0
223.47765249747573,235.539910988143,86.20303164534994,43.83734836100571,22.575164147420907,652.8739001088168,38.08719549987714,1
233.3483627441502,226.78974570102153,78.68915044491217,21.0401080017945,14.297494812399185,671.9692834737092,36.34815694612219,0
231.83299123048425,225.4234244872258,81.54439149130718,37.48420505250469,12.554151963921932,834.3122555652172,35.14096229397251,0
225.30060106836322,227.92427579035626,20.882501154291777,49.8631254857393,9.307373984667889,1059.8232202023555,21.112110433609214,1
227.43066541331655,229.8632419509335,53.29231985438092,45.670882815126184,37.7224048523938,1068.1118394636528,20.137559244392985,1
224.70393239055525,230.73001834796807,58.50753213082589,35.643370671307686,47.097989489091,298.9561661729019,24.248945543909457,1
229.68660451363414,229.27629182643102,21.535382145844537,21.90922727859927,35.11960556580128,775.1634905111091,33.27047187826905,0
234.7757116025062,231.0561661895429,40.785056699602734,44.94120543157129,9.670799865704371,647.3392377994478,28.223949777650915,1
225.07136976832228,226.24538172742868,80.8231858497708,37.969355245316315,48.856302426074784,1312.264101090607,28.048125185986237,1
232.5202325775892,234.33129381221977,30.968776458319923,23.447989911787005,38.52132772265998,965.5574357666458,37.691737764592276,1
227.3487119081378,229.7535464648223,62.824810516207336,22.815718544700687,23.901776661492736,822.1308963031736,37.91125696263677,0
226.03563583868828,233.35188749476438,37.216149761379,47.28880458309777,40.77368743662772,217.3222311594302,38.18350528107172,1
229.4648482002272,231.02817603913311,20.969661971511464,40.07600788814236,16.334393775327136,928.1749395189466,26.277561530300545,1
224.82378838790314,231.37025965746136,39.29611660796332,44.87860397950267,21.36634030115842,219.94566323633848,33.82111625478524,1
227.2317534732641,231.7093018406966,98.0699003928043,46.36936700846802,55.13166474478742,538.9495345703406,25.432663625487393,1
224.01061053705575,231.34312568005194,84.12296895063916,37.15317056144967,18.139765834613804,257.1208489807812,23.812196661488997,0
239.82362566458195,231.92816827960263,96.76613154568267,35.523390552651236,28.729307821318258,1053.506788185335,23.692649146947385,1
230.17631775985865,233.9874575903973,59.028323514109,32.9128223096297,53.518327106364865,349.0655650624213,26.84215241727188,1
226.50137246003706,230.5895635091044,28.778895894200282,29.50839763373358,42.75555966578412,618.1960911226377,28.599152395596434,1
231.06989955367112,232.12701127276554,63.83675911789544,33.037878825761354,4.669990343717462,1348.728427547229,36.61898342110137,0
229.43835975154585,229.73079291713833,56.350186764796874,43.21638967190469,9.69087961245925,346.2587559285069,22.39782186945424,1
228.89515200233387,234.32035164634843,87.54856661916928,38.05770293045394,1.4626538555430924,786.3173427402297,34.698516947897886,1
233.07083350021713,227.9708230938222,27.846606462739565,46.775698698645385,38.22438562352064,657.9439086907319,30.629098283786107,1
233.78753855023652,235.40282129873245,59.059290961742256,33.30140043137563,27.412732099214683,76.27985951630811,25.75890685351985,0
227.34749426194736,229.87952614806696,32.00389317551874,38.21268736156262,8.922216203234257,1199.4992646805786,29.856391690656494,0
227.1209087967766,225.70767469364586,45.974074151204796,38.93922659275966,57.518113142349456,150.1165641561696,25.998841395540452,1
228.62474151424178,230.38431324473237,78.98856619102398,37.75091486918977,32.24992371279157,737.6697804165827,31.921639104766122,0
218.49039417632207,227.95684502757535,58.081450349501324,41.07901319256549,15.271704352660462,862.9835276614774,28.676878457104884,1
222.42404468900725,232.52193064696618,50.07106281166155,27.123004051244187,30.535610698127744,961.2183620911512,23.288110581577573,0
236.83437133722262,228.04212806209281,51.55810228560283,35.37091332637372,41.09759963137136,1048.5158624964197,22.331661491113934,1
238.22483856750642,228.66144970035566,56.75574147247893,23.12674408425043,5.498113860440304,417.24495610793684,30.9339136414426,0
228.7548198022181,224.33137780716342,82.80132350696455,31.535339829344377,17.207525087825626,64.4692261547516,38.04826066572207,0
232.88278481527882,228.64308104225276,91.36677511521876,34.63001205863793,48.61096396215562,1098.9933104146223,26.87915373115371,1
231.55625077271768,222.72836202011314,96.42677492031426,39.566727786364176,28.120227353757013,826.7020690539889,34.66000214445246,1
245.3944040422762,225.24829152954283,82.9522709004236,48.5159315775861,33.2480513799054,1262.3706696505108,33.17322709879534,1
235.59787455717287,232.2812439684329,45.23255165984102,38.01953199645068,26.536144130358686,1241.0131262060067,38.63109828618962,0
229.36041204259618,232.3574004759525,75.05077648692337,42.307817485296795,3.590096615937302,1272.8229432924306,36.41962034598282,1
225.22229779699788,231.2763726853549,55.008249924431354,35.187981784856085,10.779237009389199,753.3872569703332,31.33210517810926,0
221.96776839871214,227.09907157061235,40.37364976368409,39.02312094128994,27.286956685771564,533.7611739634551,33.14060996468214,0
231.01731817933612,229.85686593157405,87.26972635407381,22.127966484013204,13.341942459067742,1197.7593937574866,37.9677293316807,1
226.21824627357847,229.9891923827283,23.074107916986,27.63174742525541,3.9487626909210456,704.3764638924197,27.990375691738695,0
222.88873145201163,226.52490593242237,92.14095937083388,30.855592796154163,50.7753301790576,315.99118478498,26.535894117155546,1
226.76713557878736,234.51019490530146,56.91819716997873,34.17480065019541,58.89035922068283,1289.7123283641379,20.216221672703927,1
224.59225998192804,232.632086871727,70.97611814466244,21.369462365071513,47.79542956580762,1329.7118213199035,36.531021483829285,1
238.43570817536283,229.337107478511,72.74831377646262,24.200722926599532,51.373310380575354,726.1491464032466,36.01961400806729,1
234.40819878474724,230.0806575169836,91.60941925652291,28.30442923373917,15.276650688705677,159.76460459919184,22.089090362003027,1
229.96013679341692,230.62514842384266,70.93357457337659,49.14598072703152,57.67699155527878,612.3478303795503,31.537147622654004,1
237.39972069445014,223.87479539472713,69.11468678080494,29.940410213091525,12.618616562752274,1215.1296062207748,29.279633963337748,0
230.3868415382381,229.2584678524382,25.332163244855195,34.461231743362475,57.13435881134811,1357.5723413920316,22.37418191018223,1
225.69357899335867,227.95404725600662,61.47264175561632,25.88293138215179,59.69433834399111,345.03547662151396,39.61136454121447,1
237.6156203863483,226.99513997031525,32.01352006536333,38.323402132273046,42.99164553901687,147.1117374366437,24.29391774926711,1
232.6945502184233,229.15669912134214,78.99470149771885,28.42049646547923,58.88748017571749,1322.158157042616,21.344683601811223,1
224.81376922836773,235.39305958054857,60.97775366501396,26.209777353152802,34.602846994459114,614.6371615193692,31.89694759003819,0
229.04830660958197,231.92252858380104,74.41822233666826,35.497178853379374,16.31296520738933,835.5533981879668,34.77733354266066,0
225.62190873307622,228.28646303065162,23.333832048190743,20.165173974812625,26.78275725427163,1453.6954274736004,20.64886892094374,0
223.08600134517832,231.71774834406847,26.783361283664256,20.22992097947676,36.020095187348375,146.51885547562313,33.174352774540445,1
